Workbook

Sheet Task Allocation
A1: TASK ALLOCATION REPORT — AKSHARA ENTERPRISES
A2: Sprint 1-5 | 29 May 2026 | Converted via EarlyBird PDF-to-Excel Engine
A3: Total Tasks: | B3: =COUNTA(B5:B34) | D3: High Priority: | E3: =COUNTIF(E5:E34,"High") | G3: On Leave: | H3: =COUNTIF(J5:J34,"Leave") | J3: Completed: | K3: =COUNTIF(J5:J34,"Completed")
A4: # | B4: Name | C4: Team | D4: Task Title | E4: Priority | F4: SP | G4: Due Date | H4: Description | I4: Email | J4: Status | K4: Done %
A5: 1 | B5: Madhumati Angadi | C5: HR | D5: Interview Scheduling | E5: High | F5: 5 | G5: 29-May-26 | H5: Interview scheduling, offer letters, ATS, college list | I5: madhumati3006@gmail.com | J5: In Progress | K5: 0.6
A6: 2 | B6: Sanchi | C6: HR | D6: Internal + Interviews | E6: High | F6: 5 | G6: 29-May-26 | H6: Candidate reports, Naukri calls, Hemanth daily tracking | I6: petkarsanchi@gmail.com | J6: In Progress | K6: 0.4
A7: 3 | B7: Shruthi | C7: HR | D7: Drive Follow-up | E7: Medium | F7: 3 | G7: 29-May-26 | H7: Unanswered callbacks, Kerala hiring, ATS update | I7: shruthi.2003v@gmail.com | J7: Not Started | K7: 0
A8: 4 | B8: Godavari DK | C8: HR | D8: Drive Scheduling | E8: High | F8: 5 | G8: 29-May-26 | H8: 8 college drive dates, ATS update, candidate scheduling | I8: godavari.dk@aksharaenterprises.info | J8: In Progress | K8: 0.5
A9: 5 | B9: Chandana | C9: HR | D9: Talenty Calls | E9: Medium | F9: 3 | G9: 29-May-26 | H9: 45 answered calls target — Talenty platform | I9: bheemasrichandana@gmail.com | J9: In Progress | K9: 0.3
A10: 6 | B10: Rahul Hemanth | C10: HR | D10: Competitions | E10: High | F10: 8 | G10: 29-May-26 | H10: Competition structure, validations, 3 school pitches | I10: 18rahul.hemanth@gmail.com | J10: In Progress | K10: 0.25
A11: 7 | B11: Jagriti Sarda | C11: NEW JOINERS | D11: Sourcing + HR Module | E11: Medium | F11: 5 | G11: 29-May-26 | H11: 40 LinkedIn interns, HR module, interview scheduling | I11: jagritisarda02@gmail.com | J11: In Progress | K11: 0.2
A12: 8 | B12: Rowena | C12: NEW JOINERS | D12: Distributor Research | E12: Medium | F12: 5 | G12: 29-May-26 | H12: Pooja distributors BLR/MYS/HYD/CHN/KCH listing | I12: rowenajoseph1102@gmail.com | J12: Not Started | K12: 0
A13: 9 | B13: Padma J Adappagoudar | C13: NEW JOINERS | D13: Candidate Sorting | E13: Medium | F13: 3 | G13: 29-May-26 | H13: Sort Tridha list, send to Shreesha, update Gowthami | I13: padmahkt@gmail.com | J13: Not Started | K13: 0
A14: 10 | B14: Chandan K | C14: BUSINESS OPERATIONS | D14: Internal + Specific | E14: High | F14: 5 | G14: 29-May-26 | H14: Drive + product collection, Mysore BDE affiliate orders | I14: chandan.k@aksharaenterprises.info | J14: In Progress | K14: 0.5
A15: 11 | B15: Purav C | C15: BUSINESS OPERATIONS | D15: Sourcing + Drives | E15: Medium | F15: 5 | G15: 29-May-26 | H15: Candidate sourcing via LinkedIn/Telegram, college details | I15: purav.c@bbah.christuniversity | J15: In Progress | K15: 0.2
A16: 12 | B16: Kshitij | C16: BUSINESS OPERATIONS | D16: Ace It Up | E16: High | F16: 8 | G16: 29-May-26 | H16: 2-day training material, FAQs, sync with Yogesh & Tharun | I16: kshitijkhatokar@gmail.com | J16: In Progress | K16: 0.4
... A34: 30 | B34: Abhinitha HR | C34: HR | D34: Leave | E34: Low | F34: 0 | G34: 29-May-26 | H34: On leave today | I34: abhinithahr@gmail.com | J34: Leave | K34: 0

Sheet Dashboard
A1: SPRINT DASHBOARD — AKSHARA ENTERPRISES
A2: All formulas auto-update when Task Allocation sheet is edited
A4: Total Tasks | D4: High Priority | G4: In Progress
A5: =COUNTA('Task Allocation'!B5:B34) | D5: =COUNTIF('Task Allocation'!E5:E34,"High") | G5: =COUNTIF('Task Allocation'!J5:J34,"In Progress")
A7: Completed | D7: On Leave | G7: Unique Teams
A8: =COUNTIF('Task Allocation'!J5:J34,"Completed") | D8: =COUNTIF('Task Allocation'!J5:J34,"Leave") | G8: =SUMPRODUCT(1/COUNTIF('Task Allocation'!C5:C34,'Task Allocation'!C5:C34))
A11: Team Breakdown
A12: Team | B12: Tasks | C12: High | D12: In Progress | E12: Completed | F12: On Leave
A13: HR | B13: =COUNTIF('Task Allocation'!C5:C34,A13) | C13: =COUNTIFS('Task Allocation'!C5:C34,A13,'Task Allocation'!E5:E34,"High") | D13: =COUNTIFS('Task Allocation'!C5:C34,A13,'Task Allocation'!J5:J34,"In Progress") | E13: =COUNTIFS('Task Allocation'!C5:C34,A13,'Task Allocation'!J5:J34,"Completed") | F13: =COUNTIFS('Task Allocation'!C5:C34,A13,'Task Allocation'!J5:J34,"Leave")
A14: NEW JOINERS | B14: =COUNTIF('Task Allocation'!C5:C34,A14) | C14: =COUNTIFS('Task Allocation'!C5:C34,A14,'Task Allocation'!E5:E34,"High") | D14: =COUNTIFS('Task Allocation'!C5:C34,A14,'Task Allocation'!J5:J34,"In Progress") | E14: =COUNTIFS('Task Allocation'!C5:C34,A14,'Task Allocation'!J5:J34,"Completed") | F14: =COUNTIFS('Task Allocation'!C5:C34,A14,'Task Allocation'!J5:J34,"Leave")
A15: BUSINESS OPERATIONS | B15: =COUNTIF('Task Allocation'!C5:C34,A15) | C15: =COUNTIFS('Task Allocation'!C5:C34,A15,'Task Allocation'!E5:E34,"High") | D15: =COUNTIFS('Task Allocation'!C5:C34,A15,'Task Allocation'!J5:J34,"In Progress") | E15: =COUNTIFS('Task Allocation'!C5:C34,A15,'Task Allocation'!J5:J34,"Completed") | F15: =COUNTIFS('Task Allocation'!C5:C34,A15,'Task Allocation'!J5:J34,"Leave")
A16: PRODUCT | B16: =COUNTIF('Task Allocation'!C5:C34,A16) | C16: =COUNTIFS('Task Allocation'!C5:C34,A16,'Task Allocation'!E5:E34,"High") | D16: =COUNTIFS('Task Allocation'!C5:C34,A16,'Task Allocation'!J5:J34,"In Progress") | E16: =COUNTIFS('Task Allocation'!C5:C34,A16,'Task Allocation'!J5:J34,"Completed") | F16: =COUNTIFS('Task Allocation'!C5:C34,A16,'Task Allocation'!J5:J34,"Leave")
A17: SPOS | B17: =COUNTIF('Task Allocation'!C5:C34,A17) | C17: =COUNTIFS('Task Allocation'!C5:C34,A17,'Task Allocation'!E5:E34,"High") | D17: =COUNTIFS('Task Allocation'!C5:C34,A17,'Task Allocation'!J5:J34,"In Progress") | E17: =COUNTIFS('Task Allocation'!C5:C34,A17,'Task Allocation'!J5:J34,"Completed") | F17: =COUNTIFS('Task Allocation'!C5:C34,A17,'Task Allocation'!J5:J34,"Leave")
A18: SOLID | B18: =COUNTIF('Task Allocation'!C5:C34,A18) | C18: =COUNTIFS('Task Allocation'!C5:C34,A18,'Task Allocation'!E5:E34,"High") | D18: =COUNTIFS('Task Allocation'!C5:C34,A18,'Task Allocation'!J5:J34,"In Progress") | E18: =COUNTIFS('Task Allocation'!C5:C34,A18,'Task Allocation'!J5:J34,"Completed") | F18: =COUNTIFS('Task Allocation'!C5:C34,A18,'Task Allocation'!J5:J34,"Leave")
A19: STUDENT RELATED BUS | B19: =COUNTIF('Task Allocation'!C5:C34,A19) | C19: =COUNTIFS('Task Allocation'!C5:C34,A19,'Task Allocation'!E5:E34,"High") | D19: =COUNTIFS('Task Allocation'!C5:C34,A19,'Task Allocation'!J5:J34,"In Progress") | E19: =COUNTIFS('Task Allocation'!C5:C34,A19,'Task Allocation'!J5:J34,"Completed") | F19: =COUNTIFS('Task Allocation'!C5:C34,A19,'Task Allocation'!J5:J34,"Leave")
A20: SPECIFIC | B20: =COUNTIF('Task Allocation'!C5:C34,A20) | C20: =COUNTIFS('Task Allocation'!C5:C34,A20,'Task Allocation'!E5:E34,"High") | D20: =COUNTIFS('Task Allocation'!C5:C34,A20,'Task Allocation'!J5:J34,"In Progress") | E20: =COUNTIFS('Task Allocation'!C5:C34,A20,'Task Allocation'!J5:J34,"Completed") | F20: =COUNTIFS('Task Allocation'!C5:C34,A20,'Task Allocation'!J5:J34,"Leave")

Sheet Field Guide
A1: PDF to EXCEL FIELD GUIDE | EarlyBird India Conversion System
A3: PDF COLUMN | B3: EXCEL COLUMN | C3: DATA TYPE | D3: VALIDATION RULE | E3: EXAMPLE VALUE | F3: NOTES
A4: Person name heading | B4: B — Name | C4: Text | D4: Required, non-empty | E4: Madhumati Angadi | F4: Full name extracted from PDF
A5: Team / Department label | B5: C — Team | C5: Text | D5: Must match team list | E5: HR | F5: Standardised team name
A6: Task bold heading | B6: D — Task Title | C6: Text | D6: Max 60 chars | E6: Interview Scheduling | F6: Short task summary
A7: Priority badge / keyword | B7: E — Priority | C7: Dropdown | D7: High / Medium / Low | E7: High | F7: Parse from colour or keyword
A8: Story Points (if present) | B8: F — Story Points | C8: Number | D8: 0-13 integer | E8: 5 | F8: Default 3 if absent
A9: Date in PDF header | B9: G — Due Date | C9: Date | D9: DD-MMM-YY | E9: 29-May-26 | F9: Parse from sprint heading
A10: Bullet points / body | B10: H — Description | C10: Long Text | D10: Max 500 chars | E10: Schedule interviews… | F10: Concat bullets, clean whitespace
A11: Email (if shown) | B11: I — Email | C11: Email | D11: Must contain @ | E11: m@gmail.com | F11: Leave blank if not in PDF
A12: AI-inferred or manual | B12: J — Status | C12: Dropdown | D12: Not Started / In Progress / Completed / Blocked / Leave | E12: In Progress | F12: Infer from wording: 'leave'→Leave
A13: Manual input | B13: K — Done % | C13: Percentage | D13: 0-100 | E13: 60% | F13: Default 0; update manually
